Years Ahead,Predicted Return (%),Predicted Liv-ex 100
1,-20.027114184065645,324.4340031780825
2,-20.027114184065645,324.4340031780825
5,-20.027114184065645,324.4340031780825
