,1Y Predicted Return (%),5Y Predicted Return (%)
RandomForest,6.170087000065373,34.89966344722324
GradientBoosting,-4.9509308778492045,-22.421864173044604
GaussianProcess,8.995200195304308,53.828521893172486
